{"cameraMode":{"drawMode":0,"name":"Shaded","section":"Shading Mode"},"sceneLighting":true,"audioPlay":false,"sceneViewState":{"m_AlwaysRefresh":false,"showFog":true,"showSkybox":true,"showFlares":true,"showImageEffects":true,"showParticleSystems":true,"showVisualEffectGraphs":true,"m_FxEnabled":true},"in2DMode":false,"pivot":{"x":442.5347900390625,"y":298.2375793457031,"z":-36.6803092956543},"rotation":{"x":0.0931653380393982,"y":0.013749225065112114,"z":-0.0012866692850366235,"w":0.9955549836158752},"size":105.38081359863281,"orthographic":false}